Ruta,X,Y,Direccion
7,21.862664,-102.241477,1
7,21.864067,-102.242734,1
7,21.865201,-102.242317,1
7,21.865313,-102.242355,1
7,21.865517,-102.242666,1
7,21.863814,-102.243334,1
7,21.862673,-102.244085,1
7,21.862243,-102.244373,1
7,21.862377,-102.245928,1
7,21.863314,-102.245845,1
7,21.863523,-102.247864,1
7,21.860312,-102.249513,1
7,21.858241,-102.250559,1
7,21.856915,-102.251937,1
7,21.856201,-102.253068,1
7,21.855201,-102.256982,1
7,21.853216,-102.265418,1
7,21.852219,-102.269325,1
7,21.855825,-102.269411,1
7,21.860041,-102.269437,1
7,21.860136,-102.275382,1
7,21.860159,-102.282782,1
7,21.862622,-102.282731,1
7,21.866298,-102.282065,1
7,21.866577,-102.282387,1
7,21.866207,-102.286042,1
7,21.865473,-102.293978,1
7,21.871014,-102.295075,1
7,21.872175,-102.295075,1
7,21.873169,-102.295024,1
7,21.875656,-102.295024,1
7,21.876473,-102.295206,1
7,21.878486,-102.295946,1
7,21.879101,-102.296111,1
7,21.880321,-102.296469,1
7,21.881102,-102.296558,1
7,21.882168,-102.297107,1
7,21.883944,-102.297847,1
7,21.884772,-102.297757,1
7,21.885708,-102.297438,1
7,21.886696,-102.297037,1
7,21.886955,-102.296884,1
7,21.886935,-102.296833,2
7,21.886838,-102.296443,2
7,21.886758,-102.296385,2
7,21.886411,-102.296272,2
7,21.885465,-102.295933,2
7,21.884875,-102.295699,2
7,21.884052,-102.295304,2
7,21.883762,-102.295291,2
7,21.882999,-102.295036,2
7,21.882271,-102.294838,2
7,21.881489,-102.294576,2
7,21.881263,-102.295545,2
7,21.881313,-102.295719,2
7,21.881038,-102.296736,2
7,21.880651,-102.297631,2
7,21.880517,-102.297654,2
7,21.879764,-102.297404,2
7,21.878546,-102.297055,2
7,21.878174,-102.296971,2
7,21.875934,-102.296424,2
7,21.875297,-102.296306,2
7,21.873863,-102.297025,2
7,21.872649,-102.297679,2
7,21.871404,-102.297776,2
7,21.871046,-102.297733,2
7,21.869881,-102.297475,2
7,21.868188,-102.297862,2
7,21.866147,-102.298269,2
7,21.863986,-102.298709,2
7,21.864175,-102.299911,2
7,21.866236,-102.299492,2
7,21.866097,-102.298623,2
7,21.865838,-102.297411,2
7,21.865559,-102.295662,2
7,21.865301,-102.294203,2
7,21.865869,-102.288782,2
7,21.866291,-102.284959,2
7,21.866425,-102.282576,2
7,21.866347,-102.282334,2
7,21.866185,-102.282227,2
7,21.865425,-102.282447,2
7,21.863572,-102.282646,2
7,21.861445,-102.282844,2
7,21.860106,-102.282772,2
7,21.860055,-102.278171,2
7,21.859955,-102.275519,2
7,21.859891,-102.269534,2
7,21.855828,-102.269448,2
7,21.852084,-102.269276,2
7,21.853538,-102.263697,2
7,21.854693,-102.258612,2
7,21.856267,-102.252689,2
7,21.856565,-102.252088,2
7,21.857641,-102.250908,2
7,21.859991,-102.249514,2
7,21.862391,-102.248283,2
7,21.862081,-102.247676,2
7,21.861096,-102.246781,2
7,21.860068,-102.246037,2
7,21.863757,-102.243397,2
7,21.865503,-102.242684,2
7,21.865321,-102.242368,2
7,21.864784,-102.241778,2
7,21.863439,-102.240561,2
10,21.833318,-102.293602,1
10,21.836578,-102.293574,1
10,21.840042,-102.293657,1
10,21.841377,-102.293524,1
10,21.841481,-102.295014,1
10,21.841616,-102.297359,1
10,21.841761,-102.299048,1
10,21.841955,-102.301383,1
10,21.843783,-102.301476,1
10,21.845496,-102.301476,1
10,21.848011,-102.301195,1
10,21.849636,-102.301122,1
10,21.850416,-102.304566,1
10,21.851093,-102.307409,1
10,21.851671,-102.310413,1
10,21.852467,-102.312784,1
10,21.853075,-102.314716,1
10,21.853582,-102.315799,1
10,21.854185,-102.317065,1
10,21.854981,-102.316604,1
10,21.855838,-102.315987,1
10,21.857785,-102.314667,1
10,21.859064,-102.313975,1
10,21.860971,-102.312892,1
10,21.862813,-102.311819,1
10,21.864147,-102.311014,1
10,21.865989,-102.309925,1
10,21.867836,-102.308815,1
10,21.871237,-102.306776,1
10,21.871854,-102.306197,1
10,21.872292,-102.304373,1
10,21.873128,-102.302292,1
10,21.873935,-102.300704,1
10,21.875179,-102.300929,1
10,21.877131,-102.301165,1
10,21.878744,-102.301444,1
10,21.880038,-102.301508,1
10,21.880715,-102.301444,1
10,21.880815,-102.301079,1
10,21.882089,-102.300886,1
10,21.882129,-102.299513,1
10,21.882746,-102.298011,1
10,21.882925,-102.297474,1
10,21.883881,-102.297871,1
10,21.884498,-102.297807,1
10,21.885663,-102.297506,1
10,21.886977,-102.296884,1
10,21.887784,-102.296466,1
10,21.888909,-102.295822,1
10,21.890063,-102.295092,1
10,21.890979,-102.295661,1
10,21.891945,-102.296348,1
10,21.893876,-102.296991,1
10,21.896425,-102.297807,1
10,21.898993,-102.298579,1
10,21.902019,-102.299545,1
10,21.903323,-102.299931,1
10,21.903463,-102.298086,1
10,21.903602,-102.296391,1
10,21.907375,-102.296788,1
10,21.915696,-102.297624,1
10,21.925092,-102.298096,1
10,21.929272,-102.298311,1
10,21.934646,-102.297796,1
10,21.936995,-102.297152,1
10,21.945792,-102.297496,1
10,21.949295,-102.296723,1
10,21.945912,-102.297367,2
10,21.937074,-102.297109,2
10,21.934845,-102.297882,2
10,21.929391,-102.298397,2
10,21.925291,-102.298139,2
10,21.915815,-102.297539,2
10,21.907534,-102.296852,2
10,21.903831,-102.296551,2
10,21.903552,-102.300113,2
10,21.900805,-102.299212,2
10,21.899053,-102.298697,2
10,21.899829,-102.295994,2
10,21.894354,-102.295393,2
10,21.891407,-102.294985,2
10,21.889914,-102.293397,2
10,21.889118,-102.294148,2
10,21.886716,-102.296329,2
10,21.886596,-102.296344,2
10,21.884876,-102.295711,2
10,21.884065,-102.295325,2
10,21.883716,-102.295298,2
10,21.882253,-102.294826,2
10,21.881516,-102.294622,2
10,21.881282,-102.295555,2
10,21.881312,-102.295722,2
10,21.881083,-102.296564,2
10,21.880665,-102.297642,2
10,21.880555,-102.297663,2
10,21.879798,-102.297438,2
10,21.878255,-102.296988,2
10,21.875278,-102.296301,2
10,21.873924,-102.297009,2
10,21.874303,-102.298093,2
10,21.874442,-102.299262,2
10,21.874054,-102.300485,2
10,21.873735,-102.300807,2
10,21.872719,-102.303253,2
10,21.871982,-102.306054,2
10,21.871674,-102.306569,2
10,21.868049,-102.308854,2
10,21.862872,-102.311879,2
10,21.859307,-102.313918,2
10,21.856161,-102.315999,2
10,21.855244,-102.316665,2
10,21.854308,-102.317179,2
10,21.853133,-102.314733,2
10,21.851441,-102.309498,2
10,21.851022,-102.307481,2
10,21.849668,-102.301129,2
10,21.845366,-102.301537,2
10,21.841935,-102.301526,2
10,21.841632,-102.297353,2
10,21.841398,-102.293673,2
10,21.836488,-102.293673,2
10,21.831867,-102.293716,2
40,21.894169,-102.258927,1
40,21.897216,-102.258819,1
40,21.898793,-102.258988,1
40,21.900117,-102.259201,1
40,21.902918,-102.259322,1
40,21.903453,-102.259565,1
40,21.904219,-102.260786,1
40,21.904722,-102.261456,1
40,21.905036,-102.262942,1
40,21.905142,-102.263102,1
40,21.904219,-102.266049,1
40,21.903012,-102.269781,1
40,21.903264,-102.270119,1
40,21.904302,-102.270209,1
40,21.905778,-102.270926,1
40,21.908824,-102.272492,1
40,21.913502,-102.275003,1
40,21.914259,-102.275625,1
40,21.914717,-102.276398,1
40,21.914916,-102.277492,1
40,21.915095,-102.281011,1
40,21.915314,-102.286461,1
40,21.915414,-102.288307,1
40,21.915513,-102.288628,1
40,21.915613,-102.292044,1
40,21.915802,-102.297428,1
40,21.916039,-102.303884,1
40,21.916583,-102.313658,1
40,21.916259,-102.317716,1
40,21.916024,-102.318312,1
40,21.915422,-102.318889,1
40,21.914786,-102.319088,1
40,21.914166,-102.319033,1
40,21.913195,-102.318673,1
40,21.910634,-102.317698,1
40,21.909512,-102.317518,1
40,21.903938,-102.316381,1
40,21.903034,-102.316345,1
40,21.901879,-102.316561,1
40,21.900138,-102.316995,1
40,21.898631,-102.317175,1
40,21.892738,-102.317121,1
40,21.888217,-102.317049,1
40,21.887681,-102.317103,1
40,21.886158,-102.317446,1
40,21.885002,-102.317626,1
40,21.880632,-102.317987,1
40,21.871774,-102.318745,1
40,21.871339,-102.318727,1
40,21.867772,-102.318221,1
40,21.863402,-102.317446,1
40,21.861359,-102.317139,1
40,21.860304,-102.316543,1
40,21.859701,-102.315858,1
40,21.859182,-102.314757,1
40,21.859115,-102.314017,1
40,21.858864,-102.311311,1
40,21.858428,-102.306529,1
40,21.858462,-102.306168,1
40,21.859801,-102.301513,1
40,21.860187,-102.300683,1
40,21.860203,-102.300106,1
40,21.859466,-102.298969,1
40,21.857993,-102.296028,1
40,21.857775,-102.295089,1
40,21.857742,-102.294566,1
40,21.858026,-102.293141,1
40,21.859048,-102.287637,1
40,21.860053,-102.282874,1
40,21.859969,-102.275476,1
40,21.860036,-102.272896,1
40,21.859852,-102.269431,1
40,21.859701,-102.258316,1
40,21.859885,-102.255953,1
40,21.861024,-102.253733,1
40,21.862313,-102.252777,1
40,21.864172,-102.252344,1
40,21.866634,-102.252939,1
40,21.870334,-102.254184,1
40,21.874437,-102.255357,1
40,21.879376,-102.256999,1
40,21.885605,-102.260337,1
40,21.891247,-102.263242,1
40,21.893257,-102.264379,1
40,21.894027,-102.265155,1
40,21.894445,-102.266238,1
40,21.895366,-102.269864,1
40,21.895768,-102.270496,1
40,21.896404,-102.270875,1
40,21.897191,-102.271001,1
40,21.902649,-102.270189,1
40,21.902803,-102.269985,1
40,21.904913,-102.263479,1
40,21.904645,-102.261621,1
40,21.904293,-102.261043,1
40,21.903155,-102.260195,1
40,21.900275,-102.260033,1
40,21.898484,-102.259076,1
40,21.894432,-102.258932,1
40,21.894298,-102.258896,2
40,21.898484,-102.259076,2
40,21.900275,-102.260033,2
40,21.903155,-102.260195,2
40,21.904293,-102.261043,2
40,21.904645,-102.261621,2
40,21.904913,-102.263479,2
40,21.902803,-102.269985,2
40,21.902649,-102.270189,2
40,21.897191,-102.271001,2
40,21.896404,-102.270875,2
40,21.895768,-102.270496,2
40,21.895366,-102.269864,2
40,21.894445,-102.266238,2
40,21.894027,-102.265155,2
40,21.893257,-102.264379,2
40,21.891247,-102.263242,2
40,21.885605,-102.260337,2
40,21.879376,-102.256999,2
40,21.874437,-102.255357,2
40,21.870334,-102.254184,2
40,21.866634,-102.252939,2
40,21.864172,-102.252344,2
40,21.862313,-102.252777,2
40,21.861024,-102.253733,2
40,21.859885,-102.255953,2
40,21.859701,-102.258316,2
40,21.859852,-102.269431,2
40,21.860036,-102.272896,2
40,21.859969,-102.275476,2
40,21.860053,-102.282874,2
40,21.859048,-102.287637,2
40,21.858026,-102.293141,2
40,21.857742,-102.294566,2
40,21.857775,-102.295089,2
40,21.857993,-102.296028,2
40,21.859466,-102.298969,2
40,21.860203,-102.300106,2
40,21.860187,-102.300683,2
40,21.859801,-102.301513,2
40,21.858462,-102.306168,2
40,21.858428,-102.306529,2
40,21.858864,-102.311311,2
40,21.859115,-102.314017,2
40,21.859182,-102.314757,2
40,21.859701,-102.315858,2
40,21.860304,-102.316543,2
40,21.861359,-102.317139,2
40,21.863402,-102.317446,2
40,21.867772,-102.318221,2
40,21.871339,-102.318727,2
40,21.871774,-102.318745,2
40,21.880632,-102.317987,2
40,21.885002,-102.317626,2
40,21.886158,-102.317446,2
40,21.887681,-102.317103,2
40,21.888217,-102.317049,2
40,21.892738,-102.317121,2
40,21.898631,-102.317175,2
40,21.900138,-102.316995,2
40,21.901879,-102.316561,2
40,21.903034,-102.316345,2
40,21.903938,-102.316381,2
40,21.909512,-102.317518,2
40,21.910634,-102.317698,2
40,21.913195,-102.318673,2
40,21.914166,-102.319033,2
40,21.914786,-102.319088,2
40,21.915422,-102.318889,2
40,21.916024,-102.318312,2
40,21.916259,-102.317716,2
40,21.916583,-102.313658,2
40,21.916039,-102.303884,2
40,21.915802,-102.297428,2
40,21.915613,-102.292044,2
40,21.915513,-102.288628,2
40,21.915414,-102.288307,2
40,21.915314,-102.286461,2
40,21.915095,-102.281011,2
40,21.914916,-102.277492,2
40,21.914717,-102.276398,2
40,21.914259,-102.275625,2
40,21.913502,-102.275003,2
40,21.908824,-102.272492,2
40,21.905778,-102.270926,2
40,21.904302,-102.270209,2
40,21.903264,-102.270119,2
40,21.903012,-102.269781,2
40,21.904219,-102.266049,2
40,21.905142,-102.263102,2
40,21.905036,-102.262942,2
40,21.904722,-102.261456,2
40,21.904219,-102.260786,2
40,21.903453,-102.259565,2
40,21.902918,-102.259322,2
40,21.900117,-102.259201,2
40,21.898793,-102.258988,2
40,21.897216,-102.258819,2
40,21.894169,-102.258927,2
20,21.893185,-102.264483,1
20,21.894379,-102.266028,1
20,21.895614,-102.270341,1
20,21.896709,-102.271007,1
20,21.899436,-102.270728,1
20,21.899914,-102.271822,1
20,21.900054,-102.273131,1
20,21.896072,-102.278452,1
20,21.897605,-102.279761,1
20,21.902144,-102.283323,1
20,21.902662,-102.284267,1
20,21.902721,-102.285061,1
20,21.901885,-102.288387,1
20,21.900691,-102.292808,1
20,21.899715,-102.296026,1
20,21.897286,-102.304674,1
20,21.895833,-102.310017,1
20,21.894479,-102.311755,1
20,21.892607,-102.312592,1
20,21.889083,-102.312656,1
20,21.885519,-102.312613,1
20,21.880621,-102.312506,1
20,21.874309,-102.312055,1
20,21.868898,-102.310263,1
20,21.868507,-102.310065,1
20,21.868162,-102.309519,1
20,21.867955,-102.309024,1
20,21.866943,-102.302975,1
20,21.866051,-102.298372,1
20,21.865286,-102.294234,1
20,21.866397,-102.283308,1
20,21.866581,-102.281845,1
20,21.868215,-102.277036,1
20,21.869756,-102.272499,1
20,21.870722,-102.271433,1
20,21.872287,-102.270739,1
20,21.873575,-102.270813,1
20,21.878015,-102.271507,1
20,21.883859,-102.272524,1
20,21.889633,-102.273515,1
20,21.890093,-102.273738,1
20,21.895982,-102.278399,1
20,21.897869,-102.276054,1
20,21.900075,-102.273136,1
20,21.899862,-102.271739,1
20,21.899378,-102.270863,1
20,21.896883,-102.271197,1
20,21.895761,-102.270822,1
20,21.895239,-102.270196,1
20,21.894349,-102.266444,1
20,21.893904,-102.265297,1
20,21.893227,-102.264505,1
20,21.893401,-102.264713,2
20,21.894078,-102.265714,2
20,21.895065,-102.269592,2
20,21.895413,-102.270425,2
20,21.896245,-102.271072,2
20,21.899223,-102.270655,2
20,21.899881,-102.271801,2
20,21.900055,-102.273115,2
20,21.898798,-102.274949,2
20,21.896032,-102.278452,2
20,21.892321,-102.275498,2
20,21.889862,-102.273588,2
20,21.884169,-102.272677,2
20,21.878215,-102.271584,2
20,21.872935,-102.270788,2
20,21.871731,-102.270995,2
20,21.870226,-102.271938,2
20,21.869488,-102.273324,2
20,21.866587,-102.281903,2
20,21.865466,-102.294226,2
20,21.866998,-102.303012,2
20,21.867956,-102.308967,2
20,21.868339,-102.309793,2
20,21.868913,-102.310324,2
20,21.874112,-102.311916,2
20,21.879529,-102.312387,2
20,21.885547,-102.312623,2
20,21.892359,-102.312623,2
20,21.894137,-102.312033,2
20,21.895149,-102.311061,2
20,21.895833,-102.309911,2
20,21.897365,-102.304751,2
20,21.899663,-102.295966,2
20,21.902562,-102.285765,2
20,21.902809,-102.284792,2
20,21.902533,-102.283895,2
20,21.902054,-102.283343,2
20,21.897558,-102.279706,2
20,21.896011,-102.278518,2
20,21.900034,-102.273118,2
20,21.899841,-102.271784,2
20,21.899377,-102.270846,2
20,21.896553,-102.271159,2
20,21.895605,-102.270679,2
20,21.895005,-102.269637,2
20,21.893999,-102.265551,2
1,21.944623,-102.290608,1
1,21.930175,-102.291528,1
1,21.921177,-102.291872,1
1,21.915444,-102.291958,1
1,21.908015,-102.292456,1
1,21.900912,-102.292711,1
1,21.895574,-102.292848,1
1,21.894041,-102.292934,1
1,21.893005,-102.293535,1
1,21.891432,-102.295016,1
1,21.890522,-102.294029,1
1,21.889875,-102.293331,1
1,21.889079,-102.294157,1
1,21.888053,-102.295198,1
1,21.886689,-102.296353,1
1,21.886421,-102.296277,1
1,21.884875,-102.295711,1
1,21.884029,-102.295302,1
1,21.883733,-102.295296,1
1,21.882993,-102.295034,1
1,21.881483,-102.294588,1
1,21.880779,-102.294377,1
1,21.879512,-102.293969,1
1,21.878902,-102.293714,1
1,21.877671,-102.293344,1
1,21.876191,-102.292859,1
1,21.874669,-102.292387,1
1,21.873568,-102.292081,1
1,21.873266,-102.292049,1
1,21.872497,-102.291794,1
1,21.872236,-102.293063,1
1,21.871946,-102.293854,1
1,21.871496,-102.294562,1
1,21.870863,-102.295162,1
1,21.869472,-102.294979,1
1,21.866772,-102.294507,1
1,21.865726,-102.294316,1
1,21.865495,-102.294501,1
1,21.865727,-102.295664,1
1,21.865939,-102.297106,1
1,21.866096,-102.298294,1
1,21.864001,-102.298764,1
1,21.863466,-102.298891,1
1,21.860877,-102.300511,1
1,21.860538,-102.300618,1
1,21.859553,-102.298945,1
1,21.856456,-102.300812,1
1,21.855848,-102.300983,1
1,21.856087,-102.295308,1
1,21.854544,-102.296252,1
1,21.853598,-102.296713,1
1,21.851407,-102.297883,1
1,21.851158,-102.297936,1
1,21.850372,-102.297561,1
1,21.850232,-102.297529,2
1,21.849894,-102.298837,2
1,21.849685,-102.301048,2
1,21.852742,-102.300822,2
1,21.853289,-102.300951,2
1,21.854096,-102.300973,2
1,21.856287,-102.300822,2
1,21.856665,-102.300618,2
1,21.859642,-102.298859,2
1,21.860509,-102.300307,2
1,21.860837,-102.300425,2
1,21.863366,-102.298902,2
1,21.863987,-102.298722,2
1,21.864196,-102.299913,2
1,21.866228,-102.299462,2
1,21.865819,-102.297059,2
1,21.865391,-102.294473,2
1,21.865849,-102.294227,2
1,21.871276,-102.295149,2
1,21.872122,-102.295074,2
1,21.873118,-102.295074,2
1,21.875477,-102.294988,2
1,21.876722,-102.295353,2
1,21.878395,-102.295932,2
1,21.880067,-102.296437,2
1,21.881103,-102.296576,2
1,21.882885,-102.297467,2
1,21.883791,-102.297831,2
1,21.884488,-102.297842,2
1,21.885642,-102.297456,2
1,21.887803,-102.296437,2
1,21.890073,-102.295063,2
1,21.891446,-102.294988,2
1,21.892671,-102.293679,2
1,21.893985,-102.292939,2
1,21.896115,-102.292767,2
1,21.896563,-102.291437,2
1,21.900396,-102.292564,2
1,21.903989,-102.292413,2
1,21.907633,-102.292274,2
1,21.912709,-102.292092,2
1,21.915486,-102.291898,2
1,21.921306,-102.291642,2
1,21.925501,-102.291551,2
1,21.932201,-102.291217,2
1,21.939013,-102.290853,2
1,21.944586,-102.290641,2
2,21.865607,-102.238377,1
2,21.866912,-102.241985,1
2,21.867757,-102.244443,1
2,21.866461,-102.245187,1
2,21.865546,-102.246537,1
2,21.863997,-102.247629,1
2,21.858181,-102.250694,1
2,21.857041,-102.251696,1
2,21.856365,-102.252667,1
2,21.855252,-102.256961,1
2,21.853168,-102.265321,1
2,21.852196,-102.269342,1
2,21.860139,-102.269463,1
2,21.860082,-102.276139,1
2,21.860195,-102.282815,1
2,21.862504,-102.282694,1
2,21.866475,-102.281935,1
2,21.866926,-102.281814,1
2,21.869925,-102.281905,1
2,21.873544,-102.281602,1
2,21.878373,-102.281313,1
2,21.878558,-102.281155,1
2,21.878708,-102.281146,1
2,21.878809,-102.281326,1
2,21.878876,-102.281471,1
2,21.882559,-102.282247,1
2,21.883187,-102.282445,1
2,21.884837,-102.282797,1
2,21.884133,-102.285395,1
2,21.882685,-102.290294,1
2,21.884435,-102.291178,1
2,21.885255,-102.291575,1
2,21.885339,-102.291422,1
2,21.887097,-102.292488,1
2,21.885477,-102.294582,1
2,21.884865,-102.295704,1
2,21.884534,-102.296493,1
2,21.885851,-102.296865,1
2,21.886681,-102.297055,1
2,21.887772,-102.296471,1
2,21.890011,-102.295052,1
2,21.890292,-102.294991,1
2,21.891623,-102.293322,1
2,21.891736,-102.292935,1
2,21.892845,-102.289038,1
2,21.893761,-102.285948,1
2,21.893751,-102.285777,2
2,21.890784,-102.284854,2
2,21.887758,-102.283803,2
2,21.884821,-102.282805,2
2,21.883228,-102.282483,2
2,21.882561,-102.282343,2
2,21.881296,-102.282225,2
2,21.878813,-102.281537,2
2,21.878584,-102.281505,2
2,21.878325,-102.281419,2
2,21.874552,-102.281612,2
2,21.873476,-102.281677,2
2,21.870131,-102.281913,2
2,21.869643,-102.281891,2
2,21.867178,-102.281884,2
2,21.866642,-102.281992,2
2,21.866157,-102.282173,2
2,21.862556,-102.282768,2
2,21.860111,-102.282768,2
2,21.859977,-102.277644,2
2,21.859927,-102.272952,2
2,21.859897,-102.269493,2
2,21.856968,-102.269478,2
2,21.852109,-102.269342,2
2,21.853694,-102.262857,2
2,21.855115,-102.256886,2
2,21.856346,-102.252676,2
2,21.857128,-102.251477,2
2,21.857791,-102.250839,2
2,21.865085,-102.246883,2
2,21.865772,-102.246169,2
2,21.866506,-102.245046,2
2,21.867714,-102.244485,2
2,21.866861,-102.242061,2
2,21.865701,-102.238514,2
3,21.922034,-102.285173,1
3,21.918857,-102.285894,1
3,21.915274,-102.286473,1
3,21.915467,-102.291992,1
3,21.907679,-102.292309,1
3,21.907989,-102.290458,1
3,21.901865,-102.288471,1
3,21.900697,-102.292522,1
3,21.900429,-102.292704,1
3,21.896136,-102.292795,1
3,21.896516,-102.291384,1
3,21.893559,-102.290458,1
3,21.889772,-102.289153,1
3,21.887152,-102.292516,1
3,21.884865,-102.295713,1
3,21.884112,-102.295341,1
3,21.883715,-102.295339,1
3,21.881546,-102.294565,1
3,21.878998,-102.293776,1
3,21.874717,-102.292365,1
3,21.873112,-102.292001,1
3,21.872704,-102.291895,1
3,21.872451,-102.291788,1
3,21.872113,-102.293457,1
3,21.871479,-102.294519,1
3,21.870873,-102.295081,1
3,21.865678,-102.294277,1
3,21.865438,-102.294444,1
3,21.866114,-102.298297,1
3,21.863579,-102.298844,1
3,21.862242,-102.299663,1
3,21.860735,-102.300695,1
3,21.860439,-102.300877,1
3,21.860017,-102.301529,1
3,21.858778,-102.305565,1
3,21.855166,-102.304325,1
3,21.854369,-102.303928,1
3,21.853632,-102.303005,1
3,21.853214,-102.301181,1
3,21.852885,-102.300956,1
3,21.849649,-102.301181,1
3,21.849798,-102.298821,1
3,21.850266,-102.297094,1
3,21.850117,-102.294111,1
3,21.847892,-102.293998,1
3,21.844667,-102.293846,1
3,21.841399,-102.293649,1
3,21.831724,-102.293619,1
3,21.831841,-102.293615,2
3,21.841379,-102.293606,2
3,21.844446,-102.293713,2
3,21.850119,-102.293953,2
3,21.850318,-102.297097,2
3,21.849902,-102.298715,2
3,21.849675,-102.301025,2
3,21.852933,-102.300853,2
3,21.853402,-102.300944,2
3,21.854097,-102.300898,2
3,21.854122,-102.301151,2
3,21.853988,-102.301268,2
3,21.853762,-102.301142,2
3,21.853293,-102.301187,2
3,21.853557,-102.302528,2
3,21.854135,-102.303559,2
3,21.855008,-102.304166,2
3,21.858623,-102.305382,2
3,21.859906,-102.301331,2
3,21.860525,-102.300663,2
3,21.862743,-102.299283,2
3,21.863982,-102.298714,2
3,21.864203,-102.299883,2
3,21.866204,-102.299449,2
3,21.865624,-102.295666,2
3,21.865422,-102.294283,2
3,21.871393,-102.295148,2
3,21.875646,-102.294986,2
3,21.878518,-102.295972,2
3,21.879233,-102.296175,2
3,21.881115,-102.296581,2
3,21.882914,-102.297459,2
3,21.883419,-102.296206,2
3,21.886628,-102.297048,2
3,21.890073,-102.295071,2
3,21.891363,-102.294994,2
3,21.892914,-102.293553,2
3,21.894074,-102.292927,2
3,21.896134,-102.292787,2
3,21.896537,-102.291422,2
3,21.900455,-102.292545,2
3,21.900645,-102.292302,2
3,21.901686,-102.288296,2
3,21.912494,-102.292009,2
3,21.915157,-102.291894,2
3,21.915418,-102.291511,2
3,21.915216,-102.286535,2
3,21.923997,-102.284792,2
4,21.830613,-102.293666,1
4,21.831796,-102.293494,1
4,21.832435,-102.288783,1
4,21.831371,-102.288596,1
4,21.831504,-102.284816,1
4,21.835386,-102.285718,1
4,21.836529,-102.280047,1
4,21.842578,-102.280132,1
4,21.841089,-102.289957,1
4,21.844902,-102.290653,1
4,21.858117,-102.293037,1
4,21.857864,-102.294944,1
4,21.858085,-102.295932,1
4,21.860709,-102.300633,1
4,21.863649,-102.298793,1
4,21.863998,-102.298722,1
4,21.864204,-102.299891,1
4,21.866283,-102.299474,1
4,21.865315,-102.294187,1
4,21.871564,-102.295188,1
4,21.875528,-102.295021,1
4,21.876303,-102.295174,1
4,21.878795,-102.296023,1
4,21.881093,-102.296594,1
4,21.882901,-102.297415,1
4,21.883378,-102.296232,1
4,21.886658,-102.297025,1
4,21.887871,-102.296413,1
4,21.890066,-102.295049,1
4,21.890867,-102.295606,1
4,21.892003,-102.296371,1
4,21.897955,-102.298274,1
4,21.896313,-102.304189,1
4,21.897303,-102.304636,1
4,21.902911,-102.307698,1
4,21.909538,-102.310846,1
4,21.916183,-102.313522,1
4,21.919432,-102.314781,1
4,21.924361,-102.317398,1
4,21.931548,-102.321154,1
4,21.933543,-102.322776,1
4,21.936981,-102.324629,1
4,21.937915,-102.324462,1
4,21.946407,-102.325158,1
4,21.950614,-102.324267,1
4,21.952782,-102.334855,1
4,21.953034,-102.335711,1
4,21.958733,-102.342475,1
4,21.959417,-102.342928,1
4,21.960037,-102.343164,1
4,21.960637,-102.342976,1
4,21.963153,-102.342141,1
4,21.964556,-102.347693,1
4,21.966275,-102.347288,1
4,21.967073,-102.350978,1
4,21.966981,-102.350986,2
4,21.963152,-102.351162,2
4,21.961956,-102.347408,2
4,21.960822,-102.347721,2
4,21.960705,-102.347805,2
4,21.959817,-102.346185,2
4,21.959214,-102.344481,2
4,21.959047,-102.343024,2
4,21.954829,-102.338058,2
4,21.952774,-102.335661,2
4,21.952651,-102.334963,2
4,21.950596,-102.324281,2
4,21.947446,-102.325112,2
4,21.946396,-102.325184,2
4,21.937795,-102.324524,2
4,21.936784,-102.324694,2
4,21.933625,-102.323128,2
4,21.931129,-102.320982,2
4,21.916625,-102.313897,2
4,21.909357,-102.310695,2
4,21.902815,-102.307629,2
4,21.896302,-102.304205,2
4,21.897944,-102.298267,2
4,21.897359,-102.300342,2
4,21.895797,-102.299838,2
4,21.891886,-102.297698,2
4,21.891815,-102.297417,2
4,21.890664,-102.297364,2
4,21.888338,-102.297991,2
4,21.884719,-102.298844,2
4,21.883573,-102.298437,2
4,21.880929,-102.297045,2
4,21.880649,-102.297649,2
4,21.875323,-102.296283,2
4,21.872715,-102.297649,2
4,21.871131,-102.297754,2
4,21.869936,-102.297465,2
4,21.870753,-102.295075,2
4,21.865427,-102.294222,2
4,21.866073,-102.298293,2
4,21.863769,-102.298766,2
4,21.863196,-102.299041,2
4,21.860552,-102.300735,2
4,21.858004,-102.295811,2
4,21.857834,-102.294694,2
4,21.857968,-102.293407,2
4,21.857784,-102.293024,2
4,21.844695,-102.290844,2
4,21.841026,-102.290239,2
4,21.842549,-102.280324,2
4,21.838539,-102.280351,2
4,21.836482,-102.280285,2
4,21.835499,-102.279959,2
4,21.834039,-102.287417,2
4,21.831467,-102.286971,2
4,21.831418,-102.288218,2
4,21.832649,-102.288481,2
4,21.831894,-102.293537,2
5,21.849548,-102.319082,1
5,21.852589,-102.327157,1
5,21.853187,-102.327447,1
5,21.854798,-102.326736,1
5,21.851708,-102.318253,1
5,21.854354,-102.317008,1
5,21.859143,-102.313995,1
5,21.858438,-102.306405,1
5,21.859824,-102.301462,1
5,21.860544,-102.300686,1
5,21.860711,-102.300668,1
5,21.861925,-102.302743,1
5,21.862603,-102.303266,1
5,21.863516,-102.303509,1
5,21.866832,-102.302896,1
5,21.865333,-102.294235,1
5,21.870851,-102.294993,1
5,21.871554,-102.295101,1
5,21.875355,-102.294975,1
5,21.877883,-102.295742,1
5,21.879206,-102.296175,1
5,21.880521,-102.296527,1
5,21.881174,-102.296572,1
5,21.883886,-102.297844,1
5,21.884994,-102.297746,1
5,21.887543,-102.296638,1
5,21.890035,-102.295045,1
5,21.891457,-102.294999,1
5,21.892836,-102.293634,1
5,21.894385,-102.292845,1
5,21.900467,-102.292708,1
5,21.907674,-102.292314,1
5,21.915451,-102.291897,1
5,21.925628,-102.291644,1
5,21.944608,-102.290598,1
5,21.962794,-102.289838,1
5,21.960925,-102.277564,1
5,21.959718,-102.271363,1
5,21.958761,-102.271686,1
5,21.959887,-102.278033,1
5,21.956123,-102.279413,1
5,21.955407,-102.273362,1
5,21.955218,-102.272997,1
5,21.960579,-102.270825,1
5,21.961821,-102.274217,1
5,21.971435,-102.264913,1
5,21.968086,-102.268246,2
5,21.961928,-102.274236,2
5,21.960599,-102.270966,2
5,21.955218,-102.273012,2
5,21.955431,-102.273369,2
5,21.955538,-102.273433,2
5,21.956544,-102.279276,2
5,21.960295,-102.277873,2
5,21.959123,-102.271481,2
5,21.959537,-102.271341,2
5,21.960579,-102.277095,2
5,21.960733,-102.277146,2
5,21.962709,-102.290007,2
5,21.952812,-102.290276,2
5,21.944578,-102.290637,2
5,21.930786,-102.291359,2
5,21.915587,-102.292081,2
5,21.907887,-102.292441,2
5,21.900588,-102.292802,2
5,21.894561,-102.292817,2
5,21.892788,-102.293667,2
5,21.891436,-102.295032,2
5,21.891288,-102.294935,2
5,21.889872,-102.293325,2
5,21.886697,-102.296351,2
5,21.884859,-102.295702,2
5,21.884054,-102.295325,2
5,21.883736,-102.295308,2
5,21.881532,-102.294615,2
5,21.881272,-102.295518,2
5,21.881313,-102.295711,2
5,21.880662,-102.297666,2
5,21.878165,-102.296964,2
5,21.875334,-102.296272,2
5,21.872658,-102.297692,2
5,21.871251,-102.297797,2
5,21.869941,-102.297482,2
5,21.870706,-102.295159,2
5,21.865386,-102.294291,2
5,21.866876,-102.302983,2
5,21.864046,-102.303652,2
5,21.862895,-102.303578,2
5,21.862056,-102.303119,2
5,21.860721,-102.301062,2
5,21.860456,-102.301012,2
5,21.860169,-102.301322,2
5,21.858627,-102.306082,2
5,21.858581,-102.306441,2
5,21.859214,-102.313941,2
5,21.856478,-102.315711,2
5,21.853484,-102.317621,2
5,21.856421,-102.325571,2
5,21.854627,-102.326302,2
5,21.851704,-102.318206,2
5,21.850913,-102.318598,2
6,21.832157,-102.293637,1
6,21.841385,-102.293532,1
6,21.841906,-102.300436,1
6,21.842267,-102.300376,1
6,21.842296,-102.299049,1
6,21.844915,-102.299147,1
6,21.846352,-102.299185,1
6,21.848175,-102.299815,1
6,21.849682,-102.299709,1
6,21.851126,-102.299777,1
6,21.852183,-102.299683,1
6,21.852292,-102.300892,1
6,21.852895,-102.300811,1
6,21.853397,-102.300955,1
6,21.854109,-102.300919,1
6,21.854084,-102.301172,1
6,21.853883,-102.301217,1
6,21.853766,-102.301117,1
6,21.853305,-102.301172,1
6,21.853649,-102.302841,1
6,21.854143,-102.303589,1
6,21.854829,-102.304104,1
6,21.856914,-102.304843,1
6,21.858664,-102.305466,1
6,21.859845,-102.301424,1
6,21.860272,-102.300955,1
6,21.860573,-102.300684,1
6,21.861972,-102.302768,1
6,21.863002,-102.303385,1
6,21.864068,-102.303449,1
6,21.866831,-102.302897,1
6,21.865536,-102.295644,1
6,21.865347,-102.294217,1
6,21.870903,-102.295043,1
6,21.871799,-102.293938,1
6,21.872058,-102.293348,1
6,21.872118,-102.292962,1
6,21.873223,-102.288724,1
6,21.874756,-102.289335,1
6,21.875274,-102.289443,1
6,21.877992,-102.289121,1
6,21.879316,-102.289056,1
6,21.878928,-102.293713,1
6,21.878529,-102.295933,1
6,21.880431,-102.296545,1
6,21.881188,-102.296566,1
6,21.882771,-102.297414,1
6,21.883906,-102.297854,1
6,21.884503,-102.297843,1
6,21.886992,-102.296921,1
6,21.890038,-102.295054,1
6,21.890884,-102.295622,1
6,21.892019,-102.296384,1
6,21.894886,-102.297264,1
6,21.898908,-102.298584,1
6,21.900736,-102.299167,1
6,21.900194,-102.301231,1
6,21.903136,-102.302149,1
6,21.903038,-102.303674,1
6,21.909753,-102.303218,1
6,21.910055,-102.297013,1
6,21.915602,-102.297407,1
6,21.925082,-102.298045,1
6,21.929424,-102.298272,1
6,21.930494,-102.298173,1
6,21.935033,-102.297582,1
6,21.937238,-102.297102,1
6,21.945754,-102.297388,1
6,21.950638,-102.324141,1
6,21.953017,-102.335688,1
6,21.958801,-102.342455,1
6,21.959786,-102.343077,1
6,21.960391,-102.343077,1
6,21.963149,-102.342137,1
6,21.964514,-102.347705,1
6,21.966245,-102.347311,1
6,21.967097,-102.350971,1
6,21.966949,-102.350966,2
6,21.963718,-102.351158,2
6,21.963174,-102.349167,2
6,21.962606,-102.349321,2
6,21.961967,-102.347407,2
6,21.960695,-102.347812,2
6,21.959808,-102.346188,2
6,21.959071,-102.343617,2
6,21.959046,-102.343021,2
6,21.954787,-102.338032,2
6,21.952662,-102.335578,2
6,21.952654,-102.334911,2
6,21.950587,-102.324193,2
6,21.947743,-102.308496,2
6,21.945717,-102.297359,2
6,21.937092,-102.297116,2
6,21.935102,-102.297674,2
6,21.929369,-102.298317,2
6,21.915753,-102.297502,2
6,21.910045,-102.297054,2
6,21.909799,-102.302125,2
6,21.909708,-102.304333,2
6,21.902938,-102.303614,2
6,21.902948,-102.302123,2
6,21.900201,-102.301227,2
6,21.900733,-102.299163,2
6,21.898934,-102.298579,2
6,21.899621,-102.295942,2
6,21.891448,-102.295035,2
6,21.889889,-102.293337,2
6,21.886765,-102.296328,2
6,21.886591,-102.296349,2
6,21.884076,-102.295317,2
6,21.883766,-102.295317,2
6,21.881542,-102.294588,2
6,21.881271,-102.295453,2
6,21.881296,-102.295706,2
6,21.880653,-102.297621,2
6,21.880499,-102.297637,2
6,21.878164,-102.296977,2
6,21.875316,-102.296267,2
6,21.873816,-102.297034,2
6,21.872683,-102.297678,2
6,21.871261,-102.297777,2
6,21.869923,-102.297496,2
6,21.870684,-102.295152,2
6,21.865664,-102.294302,2
6,21.865502,-102.294545,2
6,21.866128,-102.298278,2
6,21.863974,-102.298703,2
6,21.863228,-102.299014,2
6,21.860679,-102.300599,2
6,21.860272,-102.300955,2
6,21.859845,-102.301424,2
6,21.858664,-102.305466,2
6,21.856914,-102.304843,2
6,21.854829,-102.304104,2
6,21.854143,-102.303589,2
6,21.853649,-102.302841,2
6,21.853305,-102.301172,2
6,21.853766,-102.301117,2
6,21.853883,-102.301217,2
6,21.854084,-102.301172,2
6,21.854109,-102.300919,2
6,21.853397,-102.300955,2
6,21.852895,-102.300811,2
6,21.852292,-102.300892,2
6,21.852183,-102.299683,2
6,21.851126,-102.299777,2
6,21.849682,-102.299709,2
6,21.848175,-102.299815,2
6,21.846352,-102.299185,2
6,21.844915,-102.299147,2
6,21.842296,-102.299049,2
6,21.842267,-102.300376,2
6,21.841906,-102.300436,2
6,21.841385,-102.293532,2
6,21.832157,-102.293637,2
8,21.850213,-102.297491,1
8,21.849941,-102.297364,1
8,21.848502,-102.297274,1
8,21.848537,-102.293861,1
8,21.857764,-102.294873,1
8,21.860771,-102.300767,1
8,21.862169,-102.303089,1
8,21.862808,-102.303498,1
8,21.863732,-102.303498,1
8,21.866881,-102.302962,1
8,21.866097,-102.298282,1
8,21.865382,-102.294243,1
8,21.865681,-102.294222,1
8,21.870421,-102.295037,1
8,21.871755,-102.295123,1
8,21.875538,-102.294973,1
8,21.880138,-102.296453,1
8,21.881233,-102.296625,1
8,21.883881,-102.297805,1
8,21.884857,-102.297784,1
8,21.887306,-102.296754,1
8,21.889994,-102.295123,1
8,21.891408,-102.295016,1
8,21.891667,-102.294737,1
8,21.893226,-102.293372,1
8,21.894164,-102.292921,1
8,21.896156,-102.292741,1
8,21.896575,-102.291442,1
8,21.900342,-102.292542,1
8,21.900677,-102.292362,1
8,21.902652,-102.285072,1
8,21.902652,-102.284513,1
8,21.902485,-102.283881,1
8,21.901882,-102.283105,1
8,21.901263,-102.282582,1
8,21.902485,-102.280688,1
8,21.905749,-102.281806,1
8,21.906873,-102.278558,1
8,21.910988,-102.280118,1
8,21.912185,-102.278874,1
8,21.912494,-102.278783,1
8,21.914761,-102.278692,1
8,21.914634,-102.276644,1
8,21.914198,-102.275839,1
8,21.913761,-102.275369,1
8,21.912917,-102.274914,1
8,21.908778,-102.272699,1
8,21.909735,-102.270665,1
8,21.911115,-102.269087,1
8,21.912325,-102.266372,1
8,21.914237,-102.266722,1
8,21.914446,-102.265865,1
8,21.917443,-102.265377,1
8,21.919837,-102.264872,1
8,21.920037,-102.264755,1
8,21.922314,-102.262202,1
8,21.922548,-102.262066,1
8,21.924741,-102.263239,1
8,21.925461,-102.263889,1
8,21.925594,-102.263867,1
8,21.931332,-102.260177,1
8,21.929995,-102.257703,1
8,21.929847,-102.256852,1
8,21.929871,-102.256202,1
8,21.933025,-102.254186,1
8,21.929871,-102.256202,2
8,21.929847,-102.256852,2
8,21.929995,-102.257703,2
8,21.931332,-102.260177,2
8,21.925594,-102.263867,2
8,21.925461,-102.263889,2
8,21.924741,-102.263239,2
8,21.922548,-102.262066,2
8,21.922314,-102.262202,2
8,21.920037,-102.264755,2
8,21.919837,-102.264872,2
8,21.917443,-102.265377,2
8,21.914446,-102.265865,2
8,21.914237,-102.266722,2
8,21.912325,-102.266372,2
8,21.911115,-102.269087,2
8,21.909735,-102.270665,2
8,21.908778,-102.272699,2
8,21.912917,-102.274914,2
8,21.913761,-102.275369,2
8,21.914198,-102.275839,2
8,21.914634,-102.276644,2
8,21.914761,-102.278692,2
8,21.912494,-102.278783,2
8,21.912185,-102.278874,2
8,21.910988,-102.280118,2
8,21.906873,-102.278558,2
8,21.905749,-102.281806,2
8,21.902485,-102.280688,2
8,21.901263,-102.282582,2
8,21.901882,-102.283105,2
8,21.902485,-102.283881,2
8,21.902652,-102.284513,2
8,21.902652,-102.285072,2
8,21.900677,-102.292362,2
8,21.900109,-102.292629,2
8,21.893981,-102.292954,2
8,21.892742,-102.293748,2
8,21.890872,-102.295619,2
8,21.890335,-102.297465,2
8,21.884756,-102.298834,2
8,21.880982,-102.297058,2
8,21.880658,-102.297665,2
8,21.875252,-102.296315,2
8,21.872745,-102.297635,2
8,21.871084,-102.297756,2
8,21.869957,-102.297514,2
8,21.870732,-102.295177,2
8,21.870421,-102.295037,2
8,21.865681,-102.294222,2
8,21.865382,-102.294243,2
8,21.866097,-102.298282,2
8,21.866881,-102.302962,2
8,21.863732,-102.303498,2
8,21.862808,-102.303498,2
8,21.862169,-102.303089,2
8,21.860771,-102.300767,2
8,21.857764,-102.294873,2
8,21.848537,-102.293861,2
8,21.848502,-102.297274,2
8,21.849941,-102.297364,2
8,21.850213,-102.297491,2
9,21.839969,-102.293479,1
9,21.841384,-102.293575,1
9,21.841962,-102.301396,1
9,21.845198,-102.301493,1
9,21.849609,-102.301037,1
9,21.851023,-102.307393,1
9,21.853114,-102.314753,1
9,21.854225,-102.317006,1
9,21.855515,-102.316215,1
9,21.859115,-102.313918,1
9,21.867889,-102.308866,1
9,21.866942,-102.302971,1
9,21.865427,-102.294229,1
9,21.870609,-102.295056,1
9,21.871488,-102.295103,1
9,21.875578,-102.294999,1
9,21.878325,-102.295904,1
9,21.880067,-102.296456,1
9,21.881112,-102.296611,1
9,21.882916,-102.297362,1
9,21.883757,-102.295357,1
9,21.883946,-102.295248,1
9,21.884859,-102.295693,1
9,21.886605,-102.296341,1
9,21.886757,-102.296302,1
9,21.889054,-102.294132,1
9,21.889894,-102.293343,1
9,21.891402,-102.294967,1
9,21.892648,-102.293788,1
9,21.893401,-102.293202,1
9,21.894133,-102.292882,1
9,21.895024,-102.292812,1
9,21.896126,-102.292765,1
9,21.896575,-102.291391,1
9,21.900534,-102.292535,1
9,21.902494,-102.285656,1
9,21.902678,-102.284826,1
9,21.902662,-102.284285,1
9,21.902327,-102.283581,1
9,21.899263,-102.281127,1
9,21.896015,-102.278439,1
9,21.899963,-102.273208,1
9,21.900011,-102.273004,1
9,21.899999,-102.272698,1
9,21.899857,-102.271805,1
9,21.899383,-102.270708,1
9,21.902767,-102.270098,1
9,21.906972,-102.256908,1
9,21.907341,-102.256444,1
9,21.908099,-102.256113,1
9,21.908611,-102.255715,1
9,21.909791,-102.253482,1
9,21.909994,-102.253435,1
9,21.911197,-102.253732,1
9,21.911595,-102.253494,1
9,21.912397,-102.251971,1
9,21.913539,-102.252471,1
9,21.915893,-102.249285,1
9,21.916306,-102.248856,1
9,21.915946,-102.247863,1
9,21.915767,-102.246737,1
9,21.917349,-102.245521,1
9,21.917128,-102.245453,1
9,21.912751,-102.245703,1
9,21.912224,-102.244912,1
9,21.912751,-102.245703,2
9,21.917128,-102.245453,2
9,21.917349,-102.245521,2
9,21.915767,-102.246737,2
9,21.915946,-102.247863,2
9,21.916306,-102.248856,2
9,21.915893,-102.249285,2
9,21.913539,-102.252471,2
9,21.912397,-102.251971,2
9,21.911595,-102.253494,2
9,21.911197,-102.253732,2
9,21.909994,-102.253435,2
9,21.909791,-102.253482,2
9,21.908611,-102.255715,2
9,21.908099,-102.256113,2
9,21.907341,-102.256444,2
9,21.906972,-102.256908,2
9,21.902767,-102.270098,2
9,21.899383,-102.270708,2
9,21.899857,-102.271805,2
9,21.899999,-102.272698,2
9,21.900011,-102.273004,2
9,21.899963,-102.273208,2
9,21.896015,-102.278439,2
9,21.899263,-102.281127,2
9,21.902327,-102.283581,2
9,21.902662,-102.284285,2
9,21.902678,-102.284826,2
9,21.902494,-102.285656,2
9,21.900534,-102.292535,2
9,21.896575,-102.291391,2
9,21.896126,-102.292765,2
9,21.895024,-102.292812,2
9,21.894133,-102.292882,2
9,21.893401,-102.293202,2
9,21.892648,-102.293788,2
9,21.891402,-102.294967,2
9,21.889894,-102.293343,2
9,21.889054,-102.294132,2
9,21.886757,-102.296302,2
9,21.886605,-102.296341,2
9,21.884859,-102.295693,2
9,21.883946,-102.295248,2
9,21.883578,-102.295229,2
9,21.881473,-102.294575,2
9,21.878897,-102.293733,2
9,21.876192,-102.292863,2
9,21.873571,-102.292091,2
9,21.873332,-102.292063,2
9,21.872474,-102.291792,2
9,21.872248,-102.293051,2
9,21.872002,-102.293712,2
9,21.871538,-102.294491,2
9,21.871002,-102.295006,2
9,21.870609,-102.295056,2
9,21.865427,-102.294229,2
9,21.866942,-102.302971,2
9,21.867889,-102.308866,2
9,21.859115,-102.313918,2
9,21.855515,-102.316215,2
9,21.854225,-102.317006,2
9,21.853114,-102.314753,2
9,21.851023,-102.307393,2
9,21.849609,-102.301037,2
9,21.845198,-102.301493,2
9,21.841962,-102.301396,2
9,21.841384,-102.293575,2
9,21.839969,-102.293479,2
11,21.831917,-102.293576,1
11,21.836545,-102.293595,1
11,21.841365,-102.293616,1
11,21.841967,-102.301381,1
11,21.845191,-102.301471,1
11,21.849612,-102.301038,1
11,21.851407,-102.309429,1
11,21.852452,-102.312685,1
11,21.853072,-102.314688,1
11,21.848776,-102.316918,1
11,21.848607,-102.317009,1
11,21.849072,-102.319224,1
11,21.854254,-102.317009,1
11,21.859226,-102.313929,1
11,21.867886,-102.308861,1
11,21.866872,-102.302913,1
11,21.865393,-102.294401,1
11,21.865661,-102.294174,1
11,21.870786,-102.295069,1
11,21.871659,-102.295084,1
11,21.875644,-102.295008,1
11,21.878427,-102.295915,1
11,21.878799,-102.296053,1
11,21.881059,-102.289629,1
11,21.885245,-102.291632,1
11,21.885351,-102.291477,1
11,21.887132,-102.292508,1
11,21.890088,-102.295087,1
11,21.891918,-102.296316,1
11,21.897944,-102.298258,1
11,21.896325,-102.304206,1
11,21.897325,-102.304692,1
11,21.902731,-102.307529,1
11,21.909319,-102.310624,1
11,21.916456,-102.313644,1
11,21.924324,-102.317422,1
11,21.931685,-102.321169,1
11,21.933839,-102.323005,1
11,21.942832,-102.327375,1
11,21.952909,-102.335523,1
11,21.958749,-102.342578,1
11,21.959593,-102.343034,1
11,21.960381,-102.343079,1
11,21.966347,-102.340651,1
11,21.967389,-102.340044,1
11,21.968078,-102.341501,1
11,21.967923,-102.341607,2
11,21.961615,-102.343622,2
11,21.962092,-102.345399,2
11,21.961389,-102.345661,2
11,21.960929,-102.343901,2
11,21.959732,-102.343667,2
11,21.958912,-102.342855,2
11,21.958749,-102.342578,2
11,21.952909,-102.335523,2
11,21.942832,-102.327375,2
11,21.933839,-102.323005,2
11,21.931685,-102.321169,2
11,21.924324,-102.317422,2
11,21.916456,-102.313644,2
11,21.909319,-102.310624,2
11,21.902731,-102.307529,2
11,21.897325,-102.304692,2
11,21.896325,-102.304206,2
11,21.898642,-102.295833,2
11,21.891454,-102.294975,2
11,21.889911,-102.293333,2
11,21.886756,-102.296337,2
11,21.886567,-102.296317,2
11,21.884055,-102.295315,2
11,21.883736,-102.295283,2
11,21.881526,-102.294618,2
11,21.881287,-102.295562,2
11,21.881317,-102.295745,2
11,21.880632,-102.297658,2
11,21.875316,-102.296287,2
11,21.872729,-102.297658,2
11,21.871105,-102.297721,2
11,21.871423,-102.295303,2
11,21.870786,-102.295069,2
11,21.865661,-102.294174,2
11,21.865393,-102.294401,2
11,21.866872,-102.302913,2
11,21.867886,-102.308861,2
11,21.859226,-102.313929,2
11,21.854254,-102.317009,2
11,21.849072,-102.319224,2
11,21.848607,-102.317009,2
11,21.847965,-102.314497,2
11,21.852319,-102.312286,2
11,21.851407,-102.309429,2
11,21.849612,-102.301038,2
11,21.845191,-102.301471,2
11,21.841967,-102.301381,2
11,21.841365,-102.293616,2
11,21.836545,-102.293595,2
11,21.831917,-102.293576,2
12,21.851684,-102.318127,1
12,21.854213,-102.317063,1
12,21.859161,-102.313914,1
12,21.867863,-102.308872,1
12,21.865347,-102.294306,1
12,21.865769,-102.294215,1
12,21.871416,-102.295171,1
12,21.873049,-102.295049,1
12,21.874218,-102.297553,1
12,21.874373,-102.299874,1
12,21.874105,-102.300436,1
12,21.873964,-102.300663,1
12,21.874274,-102.300769,1
12,21.877189,-102.301164,1
12,21.879061,-102.292986,1
12,21.879367,-102.288257,1
12,21.878592,-102.281535,1
12,21.878452,-102.281368,1
12,21.873552,-102.281611,1
12,21.873608,-102.274905,1
12,21.872341,-102.274935,1
12,21.871792,-102.274965,1
12,21.869792,-102.276118,1
12,21.869694,-102.276058,1
12,21.870665,-102.273342,1
12,21.871285,-102.272629,1
12,21.871665,-102.272431,1
12,21.872369,-102.272295,1
12,21.872594,-102.272249,1
12,21.873608,-102.272234,1
12,21.873668,-102.270815,1
12,21.878019,-102.271528,1
12,21.877666,-102.264689,1
12,21.877976,-102.263673,1
12,21.879046,-102.262037,1
12,21.874433,-102.255851,1
12,21.871465,-102.251401,1
12,21.868302,-102.246034,1
12,21.867469,-102.243659,1
12,21.866997,-102.243168,1
12,21.866802,-102.242519,1
12,21.866493,-102.242326,1
12,21.863841,-102.243361,1
12,21.860084,-102.246014,1
12,21.862151,-102.247703,1
12,21.862422,-102.248204,1
12,21.865324,-102.246786,1
12,21.866291,-102.245348,1
12,21.867026,-102.244764,1
12,21.866813,-102.244493,2
12,21.865536,-102.242679,2
12,21.863776,-102.243388,2
12,21.860044,-102.246015,2
12,21.859678,-102.245752,2
12,21.862183,-102.243858,2
12,21.863664,-102.242894,2
12,21.865282,-102.242281,2
12,21.865515,-102.242642,2
12,21.866565,-102.242309,2
12,21.866814,-102.242545,2
12,21.867083,-102.243393,2
12,21.867615,-102.243886,2
12,21.867835,-102.244546,2
12,21.868302,-102.246034,2
12,21.871465,-102.251401,2
12,21.874433,-102.255851,2
12,21.879046,-102.262037,2
12,21.877976,-102.263673,2
12,21.877666,-102.264689,2
12,21.878019,-102.271528,2
12,21.873668,-102.270815,2
12,21.873608,-102.272234,2
12,21.872594,-102.272249,2
12,21.872369,-102.272295,2
12,21.871665,-102.272431,2
12,21.871285,-102.272629,2
12,21.870665,-102.273342,2
12,21.869694,-102.276058,2
12,21.869792,-102.276118,2
12,21.871792,-102.274965,2
12,21.872341,-102.274935,2
12,21.873608,-102.274905,2
12,21.873552,-102.281611,2
12,21.878452,-102.281368,2
12,21.878592,-102.281535,2
12,21.879367,-102.288257,2
12,21.879061,-102.292986,2
12,21.877189,-102.301164,2
12,21.874274,-102.300769,2
12,21.873823,-102.300763,2
12,21.873569,-102.300506,2
12,21.872286,-102.299332,2
12,21.869586,-102.297556,2
12,21.866136,-102.298295,2
12,21.867909,-102.308844,2
12,21.859174,-102.313959,2
12,21.854418,-102.316979,2
12,21.851823,-102.318139,2
13,21.848656,-102.317006,1
13,21.849095,-102.319232,1
13,21.849583,-102.319152,1
13,21.852549,-102.327152,1
13,21.854634,-102.326263,1
13,21.851691,-102.318178,1
13,21.854721,-102.316833,1
13,21.859173,-102.314001,1
13,21.867925,-102.308807,1
13,21.865471,-102.294182,1
13,21.871334,-102.295235,1
13,21.875743,-102.295024,1
13,21.879065,-102.296101,1
13,21.881106,-102.296615,1
13,21.882952,-102.297388,1
13,21.883453,-102.296194,1
13,21.886644,-102.297025,1
13,21.890053,-102.295059,1
13,21.891454,-102.295048,1
13,21.899661,-102.295972,1
13,21.907346,-102.296803,1
13,21.915405,-102.297395,1
13,21.915644,-102.297044,1
13,21.915459,-102.292668,1
13,21.914976,-102.292171,2
13,21.907638,-102.292428,2
13,21.900554,-102.292766,2
13,21.894692,-102.292862,2
13,21.893663,-102.293119,2
13,21.892678,-102.293714,2
13,21.891425,-102.295032,2
13,21.890859,-102.295595,2
13,21.890301,-102.297474,2
13,21.886034,-102.298504,2
13,21.884737,-102.298834,2
13,21.882721,-102.297993,2
13,21.880949,-102.297083,2
13,21.880611,-102.297659,2
13,21.878213,-102.296984,2
13,21.875285,-102.296311,2
13,21.872645,-102.297693,2
13,21.871123,-102.297709,2
13,21.871407,-102.295121,2
13,21.865723,-102.294253,2
13,21.865454,-102.294575,2
13,21.866872,-102.302934,2
13,21.867886,-102.308833,2
13,21.859159,-102.313993,2
13,21.855205,-102.316485,2
13,21.854235,-102.316999,2
13,21.853392,-102.317455,2
13,21.856236,-102.325134,2
13,21.852359,-102.326702,2
13,21.852535,-102.327175,2
13,21.852158,-102.327269,2
13,21.852046,-102.327134,2
13,21.851042,-102.324512,2
13,21.849612,-102.323958,2
13,21.847529,-102.319875,2
13,21.849034,-102.319199,2
13,21.848921,-102.318767,2
14,21.848699,-102.316941,1
14,21.849116,-102.319188,1
14,21.849533,-102.318996,1
14,21.852559,-102.327121,1
14,21.854642,-102.326317,1
14,21.851667,-102.318111,1
14,21.854209,-102.317053,1
14,21.853102,-102.314678,1
14,21.851408,-102.309449,1
14,21.849625,-102.301072,1
14,21.849879,-102.298628,1
14,21.850301,-102.297127,1
14,21.850142,-102.293945,1
14,21.844941,-102.293626,1
14,21.844741,-102.293251,1
14,21.844688,-102.291069,1
14,21.844466,-102.290807,1
14,21.841101,-102.290273,1
14,21.837439,-102.289625,1
14,21.837429,-102.289375,1
14,21.841079,-102.289864,1
14,21.842545,-102.280265,1
14,21.838555,-102.280359,1
14,21.836711,-102.280305,1
14,21.835582,-102.279738,1
14,21.834403,-102.285488,1
14,21.831508,-102.284796,1
14,21.831478,-102.285922,1
14,21.834179,-102.286565,1
14,21.834418,-102.285471,1
14,21.835417,-102.285713,1
14,21.836536,-102.280022,1
14,21.838223,-102.280151,1
14,21.842565,-102.280102,1
14,21.846444,-102.280713,1
14,21.847205,-102.277739,1
14,21.848309,-102.275296,1
14,21.851189,-102.271775,1
14,21.851742,-102.270521,1
14,21.853046,-102.265331,1
14,21.855097,-102.256977,1
14,21.851601,-102.255945,1
14,21.850093,-102.253651,1
14,21.849685,-102.249636,1
14,21.849472,-102.248183,1
14,21.850288,-102.245412,1
14,21.845985,-102.248097,1
14,21.845923,-102.247954,2
14,21.850288,-102.245412,2
14,21.849472,-102.248183,2
14,21.849685,-102.249636,2
14,21.850093,-102.253651,2
14,21.851601,-102.255945,2
14,21.855097,-102.256977,2
14,21.853046,-102.265331,2
14,21.851742,-102.270521,2
14,21.851189,-102.271775,2
14,21.848309,-102.275296,2
14,21.847205,-102.277739,2
14,21.846444,-102.280713,2
14,21.842565,-102.280102,2
14,21.838223,-102.280151,2
14,21.836536,-102.280022,2
14,21.835417,-102.285713,2
14,21.834418,-102.285471,2
14,21.834179,-102.286565,2
14,21.831478,-102.285922,2
14,21.831508,-102.284796,2
14,21.834403,-102.285488,2
14,21.835582,-102.279738,2
14,21.836711,-102.280305,2
14,21.838555,-102.280359,2
14,21.842545,-102.280265,2
14,21.841168,-102.290014,2
14,21.844709,-102.290619,2
14,21.844806,-102.291265,2
14,21.844741,-102.293251,2
14,21.844941,-102.293626,2
14,21.850142,-102.293945,2
14,21.850301,-102.297127,2
14,21.849879,-102.298628,2
14,21.849625,-102.301072,2
14,21.851408,-102.309449,2
14,21.853102,-102.314678,2
14,21.854213,-102.317169,2
14,21.853488,-102.317617,2
14,21.856241,-102.325106,2
14,21.854451,-102.325834,2
14,21.851726,-102.318331,2
14,21.849098,-102.319287,2
14,21.848602,-102.316999,2
15,21.914253,-102.240586,1
15,21.911873,-102.242854,1
15,21.911447,-102.243015,1
15,21.910493,-102.243027,1
15,21.909458,-102.243226,1
15,21.908445,-102.243573,1
15,21.906858,-102.243622,1
15,21.905427,-102.243099,1
15,21.904877,-102.244142,1
15,21.904416,-102.246362,1
15,21.903717,-102.248505,1
15,21.903184,-102.248403,1
15,21.902438,-102.250648,1
15,21.898046,-102.249002,1
15,21.897596,-102.247765,1
15,21.897118,-102.247486,1
15,21.895834,-102.249492,1
15,21.896787,-102.250224,1
15,21.898012,-102.253888,1
15,21.898075,-102.254343,1
15,21.897308,-102.258994,1
15,21.896315,-102.265468,1
15,21.893355,-102.263912,1
15,21.894335,-102.261727,1
15,21.895629,-102.258948,1
15,21.894245,-102.258964,1
15,21.893593,-102.259136,1
15,21.893105,-102.258927,1
15,21.892677,-102.258358,1
15,21.890532,-102.257495,1
15,21.889984,-102.259056,1
15,21.889949,-102.259243,1
15,21.889103,-102.260155,1
15,21.888177,-102.261555,1
15,21.885497,-102.265499,1
15,21.884763,-102.268855,1
15,21.884372,-102.271572,1
15,21.883697,-102.276446,1
15,21.883188,-102.278577,1
15,21.883058,-102.279227,1
15,21.882407,-102.284012,1
15,21.882596,-102.284203,1
15,21.882655,-102.284333,1
15,21.884084,-102.285404,1
15,21.881287,-102.295496,1
15,21.881376,-102.295802,1
15,21.880684,-102.297656,1
15,21.880507,-102.297694,1
15,21.880046,-102.301976,1
15,21.879939,-102.302416,1
15,21.880167,-102.302471,1
15,21.879716,-102.305012,1
15,21.880029,-102.307391,1
15,21.879716,-102.309176,1
15,21.880679,-102.312306,1
15,21.880651,-102.317828,1
15,21.885002,-102.317434,1
15,21.887853,-102.316842,1
15,21.889683,-102.316857,1
15,21.892555,-102.316903,1
15,21.892597,-102.317123,1
15,21.892564,-102.321235,1
15,21.898514,-102.321365,1
15,21.898153,-102.320172,1
15,21.897809,-102.319317,1
15,21.897667,-102.318673,1
15,21.897827,-102.318213,1
15,21.898508,-102.317027,1
15,21.899875,-102.316893,1
15,21.901904,-102.316411,1
15,21.903537,-102.316137,1
15,21.905103,-102.316386,1
15,21.909585,-102.317343,1
15,21.909879,-102.328644,1
15,21.910028,-102.328933,1
15,21.912564,-102.329512,1
15,21.914994,-102.330637,1
15,21.915755,-102.332454,1
15,21.918678,-102.334608,1
15,21.919558,-102.335106,1
15,21.922794,-102.334013,1
15,21.922696,-102.336829,1
15,21.922607,-102.336887,2
15,21.920071,-102.335481,2
15,21.919558,-102.335106,2
15,21.918678,-102.334608,2
15,21.915755,-102.332454,2
15,21.914994,-102.330637,2
15,21.912564,-102.329512,2
15,21.910028,-102.328933,2
15,21.909879,-102.328644,2
15,21.909585,-102.317343,2
15,21.905103,-102.316386,2
15,21.903537,-102.316137,2
15,21.901904,-102.316411,2
15,21.899875,-102.316893,2
15,21.898508,-102.317027,2
15,21.897827,-102.318213,2
15,21.897667,-102.318673,2
15,21.897809,-102.319317,2
15,21.891249,-102.319167,2
15,21.891408,-102.317096,2
15,21.888232,-102.316967,2
15,21.884997,-102.317654,2
15,21.880666,-102.317965,2
15,21.876285,-102.318362,2
15,21.876763,-102.315433,2
15,21.879581,-102.315444,2
15,21.879501,-102.310262,2
15,21.880019,-102.307397,2
15,21.879683,-102.304962,2
15,21.877448,-102.304673,2
15,21.878693,-102.301429,2
15,21.877583,-102.301203,2
15,21.878051,-102.299579,2
15,21.878453,-102.297901,2
15,21.878537,-102.297044,2
15,21.878813,-102.296043,2
15,21.880387,-102.296521,2
15,21.881141,-102.296584,2
15,21.882882,-102.297441,2
15,21.883753,-102.295294,2
15,21.880864,-102.294419,2
15,21.881358,-102.292407,2
15,21.881785,-102.289917,2
15,21.882556,-102.285677,2
15,21.882363,-102.284468,2
15,21.882263,-102.284215,2
15,21.882355,-102.284035,2
15,21.882564,-102.282285,2
15,21.883033,-102.278703,2
15,21.883594,-102.274417,2
15,21.884188,-102.270159,2
15,21.884448,-102.269609,2
15,21.884763,-102.268855,2
15,21.885497,-102.265499,2
15,21.888177,-102.261555,2
15,21.889103,-102.260155,2
15,21.889949,-102.259243,2
15,21.889984,-102.259056,2
15,21.890532,-102.257495,2
15,21.892677,-102.258358,2
15,21.893105,-102.258927,2
15,21.893593,-102.259136,2
15,21.894245,-102.258964,2
15,21.895629,-102.258948,2
15,21.894335,-102.261727,2
15,21.893355,-102.263912,2
15,21.896315,-102.265468,2
15,21.897308,-102.258994,2
15,21.898075,-102.254343,2
15,21.898012,-102.253888,2
15,21.896787,-102.250224,2
15,21.895834,-102.249492,2
15,21.897118,-102.247486,2
15,21.897596,-102.247765,2
15,21.898046,-102.249002,2
15,21.902438,-102.250648,2
15,21.902811,-102.250784,2
15,21.903201,-102.249655,2
15,21.903717,-102.248505,2
15,21.904416,-102.246362,2
15,21.904877,-102.244142,2
15,21.905427,-102.243099,2
15,21.906858,-102.243622,2
15,21.908445,-102.243573,2
15,21.909458,-102.243226,2
15,21.910493,-102.243027,2
15,21.911447,-102.243015,2
15,21.911873,-102.242854,2
15,21.914253,-102.240586,2
16,21.914243,-102.245607,1
16,21.909664,-102.245875,1
16,21.909465,-102.243215,1
16,21.908032,-102.243633,1
16,21.907046,-102.243633,1
16,21.905464,-102.243118,1
16,21.904936,-102.243966,1
16,21.904737,-102.244663,1
16,21.904389,-102.246465,1
16,21.901892,-102.254453,1
16,21.900801,-102.259142,1
16,21.900823,-102.259248,1
16,21.902864,-102.259308,1
16,21.903314,-102.259453,1
16,21.903575,-102.259741,1
16,21.904617,-102.261326,1
16,21.904856,-102.261873,1
16,21.905137,-102.263109,1
16,21.904229,-102.266007,1
16,21.902934,-102.270074,1
16,21.903114,-102.272458,1
16,21.902895,-102.273863,1
16,21.900805,-102.276932,1
16,21.903363,-102.277715,1
16,21.903104,-102.278734,1
16,21.902507,-102.280655,1
16,21.901292,-102.282522,1
16,21.890551,-102.274153,1
16,21.889854,-102.273627,1
16,21.888202,-102.273263,1
16,21.885683,-102.275108,1
16,21.883941,-102.274539,1
16,21.883134,-102.278863,1
16,21.882676,-102.282264,1
16,21.884827,-102.282811,1
16,21.882656,-102.290311,1
16,21.885255,-102.291566,1
16,21.885364,-102.291448,1
16,21.887096,-102.292499,1
16,21.885593,-102.294409,1
16,21.884498,-102.296501,1
16,21.885444,-102.296759,1
16,21.885991,-102.298465,1
16,21.884697,-102.298829,1
16,21.883164,-102.298218,1
16,21.883811,-102.300407,1
16,21.884189,-102.301608,1
16,21.884886,-102.307219,1
16,21.886124,-102.317329,1
16,21.885023,-102.317603,1
16,21.880642,-102.317999,1
16,21.871644,-102.318748,1
16,21.871504,-102.319145,1
16,21.871236,-102.320035,1
16,21.872142,-102.327352,1
16,21.872839,-102.330153,1
16,21.876991,-102.331056,1
16,21.876989,-102.331698,1
16,21.883607,-102.333127,1
16,21.883323,-102.336394,1
16,21.892956,-102.338959,1
16,21.892838,-102.345836,1
16,21.896958,-102.345874,1
16,21.898224,-102.345083,1
16,21.901077,-102.344968,1
16,21.900177,-102.346537,1
16,21.900343,-102.346155,2
16,21.901077,-102.344968,2
16,21.898224,-102.345083,2
16,21.896958,-102.345874,2
16,21.892838,-102.345836,2
16,21.892956,-102.338959,2
16,21.883323,-102.336394,2
16,21.883607,-102.333127,2
16,21.876989,-102.331698,2
16,21.876991,-102.331056,2
16,21.872839,-102.330153,2
16,21.872142,-102.327352,2
16,21.871236,-102.320035,2
16,21.871504,-102.319145,2
16,21.871644,-102.318748,2
16,21.880642,-102.317999,2
16,21.885023,-102.317603,2
16,21.886124,-102.317329,2
16,21.884886,-102.307219,2
16,21.882676,-102.307981,2
16,21.882088,-102.300857,2
16,21.882108,-102.299398,2
16,21.885244,-102.291609,2
16,21.885832,-102.290482,2
16,21.887763,-102.283766,2
16,21.884826,-102.282843,2
16,21.882606,-102.282317,2
16,21.883064,-102.278938,2
16,21.883582,-102.274389,2
16,21.886788,-102.275419,2
16,21.889535,-102.273445,2
16,21.890252,-102.273724,2
16,21.894493,-102.277146,2
16,21.897668,-102.279689,2
16,21.901312,-102.282532,2
16,21.902516,-102.280687,2
16,21.903223,-102.278251,2
16,21.900386,-102.277328,2
16,21.902895,-102.273863,2
16,21.903114,-102.272458,2
16,21.902934,-102.270074,2
16,21.904229,-102.266007,2
16,21.905137,-102.263109,2
16,21.904856,-102.261873,2
16,21.904617,-102.261326,2
16,21.903575,-102.259741,2
16,21.903314,-102.259453,2
16,21.902864,-102.259308,2
16,21.900823,-102.259248,2
16,21.900801,-102.259142,2
16,21.901892,-102.254453,2
16,21.904389,-102.246465,2
16,21.904737,-102.244663,2
16,21.904936,-102.243966,2
16,21.905464,-102.243118,2
16,21.907046,-102.243633,2
16,21.908032,-102.243633,2
16,21.909465,-102.243215,2
16,21.909664,-102.245875,2
16,21.914243,-102.245607,2
18,21.844823,-102.252624,1
18,21.849836,-102.251441,1
18,21.850132,-102.253368,1
18,21.851442,-102.255628,1
18,21.851822,-102.256068,1
18,21.855145,-102.256964,1
18,21.852146,-102.269314,1
18,21.860004,-102.269466,1
18,21.860219,-102.272861,1
18,21.861324,-102.272904,1
18,21.862101,-102.273279,1
18,21.862987,-102.273945,1
18,21.864969,-102.276241,1
18,21.865944,-102.277013,1
18,21.868324,-102.276927,1
18,21.866711,-102.281401,1
18,21.867036,-102.281801,1
18,21.869919,-102.281897,1
18,21.873583,-102.281618,1
18,21.878322,-102.281296,1
18,21.878581,-102.281146,1
18,21.878845,-102.281281,1
18,21.878987,-102.281548,1
18,21.881154,-102.282161,1
18,21.882717,-102.282314,1
18,21.885056,-102.282837,1
18,21.898422,-102.287328,1
18,21.901801,-102.288474,1
18,21.907623,-102.290299,1
18,21.910131,-102.291103,1
18,21.912341,-102.291929,1
18,21.912729,-102.292123,1
18,21.915148,-102.291919,1
18,21.915526,-102.292112,1
18,21.915775,-102.297519,1
18,21.916064,-102.303871,1
18,21.916432,-102.312067,1
18,21.916571,-102.313687,1
18,21.916342,-102.316466,1
18,21.916193,-102.317904,1
18,21.915486,-102.318783,1
18,21.914491,-102.319094,1
18,21.913715,-102.318891,1
18,21.910838,-102.317775,1
18,21.909554,-102.317442,1
18,21.909325,-102.310898,1
18,21.909444,-102.310683,1
18,21.915947,-102.313424,1
18,21.916346,-102.313145,2
18,21.915848,-102.303897,2
18,21.915636,-102.297399,2
18,21.915439,-102.292513,2
18,21.915045,-102.292149,2
18,21.912751,-102.292119,2
18,21.910245,-102.292271,2
18,21.907683,-102.292392,2
18,21.907623,-102.290299,2
18,21.901801,-102.288474,2
18,21.898422,-102.287328,2
18,21.885056,-102.282837,2
18,21.882717,-102.282314,2
18,21.881154,-102.282161,2
18,21.878987,-102.281548,2
18,21.878845,-102.281281,2
18,21.878581,-102.281146,2
18,21.878322,-102.281296,2
18,21.873583,-102.281618,2
18,21.869919,-102.281897,2
18,21.867036,-102.281801,2
18,21.866711,-102.281401,2
18,21.868324,-102.276927,2
18,21.865944,-102.277013,2
18,21.864969,-102.276241,2
18,21.862987,-102.273945,2
18,21.862101,-102.273279,2
18,21.861324,-102.272904,2
18,21.860209,-102.272958,2
18,21.860219,-102.275221,2
18,21.859973,-102.275078,2
18,21.859909,-102.272985,2
18,21.859921,-102.269593,2
18,21.859795,-102.269498,2
18,21.852146,-102.269314,2
18,21.855145,-102.256964,2
18,21.851822,-102.256068,2
18,21.851442,-102.255628,2
18,21.850132,-102.253368,2
18,21.849836,-102.251441,2
18,21.844823,-102.252624,2
19,21.880853,-102.235565,1
19,21.880121,-102.235352,1
19,21.878685,-102.235534,1
19,21.878262,-102.235352,1
19,21.877671,-102.236111,1
19,21.877164,-102.238781,1
19,21.874489,-102.242756,1
19,21.873419,-102.245912,1
19,21.872968,-102.247399,1
19,21.873813,-102.247703,1
19,21.875559,-102.248461,1
19,21.877417,-102.250768,1
19,21.879896,-102.251617,1
19,21.883275,-102.256209,1
19,21.883877,-102.256641,1
19,21.884705,-102.256668,1
19,21.885156,-102.256398,1
19,21.885834,-102.255884,1
19,21.886411,-102.255803,1
19,21.890534,-102.257448,1
19,21.889943,-102.259244,1
19,21.888108,-102.261631,1
19,21.885513,-102.265428,1
19,21.884859,-102.268383,1
19,21.884585,-102.270088,1
19,21.883952,-102.274407,1
19,21.883678,-102.276499,1
19,21.883136,-102.278827,1
19,21.883108,-102.279181,1
19,21.882623,-102.282319,1
19,21.882433,-102.284024,1
19,21.882528,-102.284126,1
19,21.882613,-102.284308,1
19,21.884089,-102.285399,1
19,21.883636,-102.287104,1
19,21.886515,-102.288104,1
19,21.889711,-102.289162,1
19,21.885556,-102.294458,1
19,21.884891,-102.295663,1
19,21.884511,-102.296504,1
19,21.885429,-102.296743,1
19,21.885956,-102.298494,1
19,21.884722,-102.298835,1
19,21.884047,-102.298596,1
19,21.883309,-102.298937,1
19,21.883805,-102.300437,1
19,21.884047,-102.301369,1
19,21.884186,-102.301559,1
19,21.885102,-102.308983,1
19,21.885553,-102.312417,1
19,21.886106,-102.317181,1
19,21.887797,-102.316874,1
19,21.892562,-102.316903,1
19,21.892602,-102.317225,1
19,21.892572,-102.321227,1
19,21.898486,-102.321334,1
19,21.897838,-102.319274,1
19,21.897749,-102.318652,1
19,21.897948,-102.318041,1
19,21.898555,-102.317043,1
19,21.902587,-102.316238,1
19,21.903503,-102.316131,1
19,21.909495,-102.317375,1
19,21.909448,-102.314004,1
19,21.909465,-102.315303,2
19,21.909495,-102.317375,2
19,21.903503,-102.316131,2
19,21.902587,-102.316238,2
19,21.898555,-102.317043,2
19,21.897948,-102.318041,2
19,21.897749,-102.318652,2
19,21.897838,-102.319274,2
19,21.897758,-102.319317,2
19,21.891267,-102.319153,2
19,21.891386,-102.317106,2
19,21.888074,-102.317003,2
19,21.886146,-102.317374,2
19,21.885941,-102.316532,2
19,21.885484,-102.312587,2
19,21.885075,-102.308984,2
19,21.882949,-102.309446,2
19,21.882675,-102.307997,2
19,21.882612,-102.307497,2
19,21.882605,-102.306882,2
19,21.882077,-102.300821,2
19,21.882098,-102.299455,2
19,21.883724,-102.295351,2
19,21.885244,-102.291596,2
19,21.885864,-102.290488,2
19,21.886821,-102.287006,2
19,21.885498,-102.286528,2
19,21.882654,-102.284351,2
19,21.882443,-102.284472,2
19,21.882274,-102.284358,2
19,21.882288,-102.284108,2
19,21.882386,-102.284002,2
19,21.882569,-102.282257,2
19,21.882928,-102.279632,2
19,21.883224,-102.276794,2
19,21.883597,-102.274397,2
19,21.884153,-102.270263,2
19,21.884512,-102.269489,2
19,21.884859,-102.268383,2
19,21.885513,-102.265428,2
19,21.888108,-102.261631,2
19,21.889943,-102.259244,2
19,21.890534,-102.257448,2
19,21.886411,-102.255803,2
19,21.885834,-102.255884,2
19,21.885156,-102.256398,2
19,21.884705,-102.256668,2
19,21.883877,-102.256641,2
19,21.883275,-102.256209,2
19,21.879896,-102.251617,2
19,21.877417,-102.250768,2
19,21.875559,-102.248461,2
19,21.874972,-102.248171,2
19,21.875449,-102.246798,2
19,21.873249,-102.245897,2
19,21.874319,-102.242909,2
19,21.877099,-102.238614,2
19,21.877551,-102.236269,2
19,21.878051,-102.235361,2
19,21.878632,-102.235438,2
19,21.880265,-102.235374,2
21,21.831477,-102.284792,1
21,21.835381,-102.285679,1
21,21.836552,-102.280041,1
21,21.842588,-102.280145,1
21,21.846603,-102.280794,1
21,21.858095,-102.282822,1
21,21.865973,-102.282254,1
21,21.866852,-102.281767,1
21,21.873676,-102.281659,1
21,21.878367,-102.281308,1
21,21.878518,-102.281199,1
21,21.878687,-102.281154,1
21,21.878824,-102.281336,1
21,21.881324,-102.282143,1
21,21.882611,-102.282256,1
21,21.883022,-102.279426,1
21,21.883106,-102.277596,1
21,21.883571,-102.274515,1
21,21.884119,-102.270287,1
21,21.883824,-102.269594,1
21,21.879278,-102.262319,1
21,21.874257,-102.255294,1
21,21.871683,-102.251611,1
21,21.872695,-102.248429,1
21,21.873117,-102.247929,1
21,21.873581,-102.247747,1
21,21.874024,-102.247815,1
21,21.875607,-102.248451,1
21,21.877358,-102.250725,1
21,21.879573,-102.251566,1
21,21.880016,-102.251793,1
21,21.883265,-102.256272,1
21,21.883876,-102.256658,1
21,21.884573,-102.256704,1
21,21.885037,-102.256522,1
21,21.885923,-102.255908,1
21,21.886513,-102.255817,1
21,21.890648,-102.257431,1
21,21.892778,-102.258341,1
21,21.893369,-102.258977,1
21,21.893833,-102.259023,1
21,21.894171,-102.258841,1
21,21.893643,-102.253566,1
21,21.896428,-102.253225,1
21,21.899739,-102.253521,1
21,21.901828,-102.254385,1
21,21.904294,-102.246476,1
21,21.904738,-102.244144,1
21,21.905642,-102.242423,1
21,21.906077,-102.241372,1
21,21.906503,-102.239881,1
21,21.906751,-102.239518,1
21,21.907505,-102.238743,1
21,21.907913,-102.238237,1
21,21.908152,-102.237711,1
21,21.908285,-102.237252,1
21,21.909003,-102.237453,1
21,21.909305,-102.237711,1
21,21.910768,-102.239365,1
21,21.911105,-102.240005,1
21,21.911371,-102.240999,1
21,21.911912,-102.243265,1
21,21.912231,-102.244794,1
21,21.912905,-102.245903,1
21,21.913313,-102.246772,1
21,21.913216,-102.246801,2
21,21.912648,-102.245664,2
21,21.912187,-102.244918,2
21,21.911726,-102.242729,2
21,21.911478,-102.241611,2
21,21.910999,-102.239976,2
21,21.909864,-102.238524,2
21,21.908977,-102.237625,2
21,21.908542,-102.237434,2
21,21.908315,-102.237388,2
21,21.908006,-102.238321,2
21,21.907439,-102.239051,2
21,21.906663,-102.239899,2
21,21.905428,-102.243139,2
21,21.904881,-102.244083,2
21,21.904403,-102.246443,2
21,21.901934,-102.254307,2
21,21.901828,-102.254385,2
21,21.899739,-102.253521,2
21,21.896428,-102.253225,2
21,21.893643,-102.253566,2
21,21.894171,-102.258841,2
21,21.893833,-102.259023,2
21,21.893369,-102.258977,2
21,21.892778,-102.258341,2
21,21.890648,-102.257431,2
21,21.886513,-102.255817,2
21,21.885923,-102.255908,2
21,21.885037,-102.256522,2
21,21.884573,-102.256704,2
21,21.883876,-102.256658,2
21,21.883265,-102.256272,2
21,21.880016,-102.251793,2
21,21.879573,-102.251566,2
21,21.877358,-102.250725,2
21,21.875607,-102.248451,2
21,21.874024,-102.247815,2
21,21.873581,-102.247747,2
21,21.873117,-102.247929,2
21,21.872695,-102.248429,2
21,21.871683,-102.251611,2
21,21.874257,-102.255294,2
21,21.879278,-102.262319,2
21,21.883824,-102.269594,2
21,21.884202,-102.269937,2
21,21.884571,-102.270066,2
21,21.884222,-102.272426,2
21,21.883695,-102.276418,2
21,21.883266,-102.278392,2
21,21.883022,-102.279426,2
21,21.882611,-102.282256,2
21,21.881324,-102.282143,2
21,21.878824,-102.281336,2
21,21.878687,-102.281154,2
21,21.878518,-102.281199,2
21,21.878367,-102.281308,2
21,21.873676,-102.281659,2
21,21.866852,-102.281767,2
21,21.865973,-102.282254,2
21,21.858095,-102.282822,2
21,21.846603,-102.280794,2
21,21.842588,-102.280145,2
21,21.836552,-102.280041,2
21,21.835491,-102.279917,2
21,21.833768,-102.288575,2
23,21.881906,-102.364517,1
23,21.876147,-102.343302,1
23,21.873602,-102.333739,1
23,21.873308,-102.332641,1
23,21.872066,-102.327835,1
23,21.871334,-102.322039,1
23,21.871109,-102.320461,1
23,21.871137,-102.319884,1
23,21.871559,-102.318549,1
23,21.874009,-102.312116,1
23,21.874307,-102.311637,1
23,21.877103,-102.301207,1
23,21.878928,-102.293719,1
23,21.879297,-102.289064,1
23,21.879297,-102.288324,1
23,21.878627,-102.281919,1
23,21.878514,-102.281417,1
23,21.878502,-102.281187,1
23,21.878739,-102.281175,1
23,21.878846,-102.281404,1
23,21.881214,-102.282157,1
23,21.882599,-102.282208,1
23,21.883037,-102.279171,1
23,21.883167,-102.277002,1
23,21.883617,-102.274349,1
23,21.884185,-102.270279,1
23,21.884588,-102.269296,1
23,21.884754,-102.268798,1
23,21.885511,-102.265405,1
23,21.887394,-102.262432,1
23,21.888081,-102.261513,1
23,21.888661,-102.260263,1
23,21.889087,-102.259778,1
23,21.889631,-102.259331,1
23,21.889845,-102.259012,1
23,21.890354,-102.257379,1
23,21.892745,-102.258362,1
23,21.893242,-102.258974,1
23,21.893822,-102.259051,1
23,21.894095,-102.258923,1
23,21.893716,-102.253718,1
23,21.893893,-102.253424,1
23,21.896368,-102.253143,1
23,21.899836,-102.253475,1
23,21.901837,-102.254356,1
23,21.903127,-102.249877,1
23,21.905234,-102.251587,1
23,21.904382,-102.255121,1
23,21.905246,-102.255453,1
23,21.905092,-102.255912,1
23,21.907389,-102.257239,1
23,21.909898,-102.259459,1
23,21.917805,-102.262036,1
23,21.920315,-102.261628,1
23,21.922445,-102.262062,1
23,21.924576,-102.263108,1
23,21.925464,-102.263985,1
23,21.931409,-102.260112,1
23,21.933652,-102.264215,1
23,21.937596,-102.261748,1
23,21.938297,-102.261277,1
23,21.939964,-102.258786,1
23,21.940677,-102.259306,1
23,21.940597,-102.259405,2
23,21.940033,-102.258934,2
23,21.938297,-102.261376,2
23,21.933629,-102.264376,2
23,21.928753,-102.267586,2
23,21.929167,-102.267971,2
23,21.929133,-102.268181,2
23,21.928111,-102.267375,2
23,21.925464,-102.263985,2
23,21.924576,-102.263108,2
23,21.922445,-102.262062,2
23,21.920315,-102.261628,2
23,21.917805,-102.262036,2
23,21.909898,-102.259459,2
23,21.907389,-102.257239,2
23,21.905092,-102.255912,2
23,21.904266,-102.255515,2
23,21.904382,-102.255121,2
23,21.905251,-102.251599,2
23,21.903127,-102.249877,2
23,21.901837,-102.254356,2
23,21.899836,-102.253475,2
23,21.896368,-102.253143,2
23,21.893893,-102.253424,2
23,21.893716,-102.253718,2
23,21.894095,-102.258923,2
23,21.893822,-102.259051,2
23,21.893242,-102.258974,2
23,21.892745,-102.258362,2
23,21.890354,-102.257379,2
23,21.889845,-102.259012,2
23,21.889631,-102.259331,2
23,21.889087,-102.259778,2
23,21.888661,-102.260263,2
23,21.888081,-102.261513,2
23,21.887394,-102.262432,2
23,21.885511,-102.265405,2
23,21.884754,-102.268798,2
23,21.884587,-102.269785,2
23,21.884223,-102.272448,2
23,21.883684,-102.276395,2
23,21.883308,-102.278179,2
23,21.883037,-102.279171,2
23,21.882599,-102.282208,2
23,21.881214,-102.282157,2
23,21.878846,-102.281404,2
23,21.878739,-102.281175,2
23,21.878502,-102.281187,2
23,21.878514,-102.281417,2
23,21.878627,-102.281919,2
23,21.879297,-102.288324,2
23,21.879297,-102.289064,2
23,21.878928,-102.293719,2
23,21.877103,-102.301207,2
23,21.874307,-102.311637,2
23,21.874009,-102.312116,2
23,21.871559,-102.318549,2
23,21.871137,-102.319884,2
23,21.871109,-102.320461,2
23,21.871334,-102.322039,2
23,21.872066,-102.327835,2
23,21.873308,-102.332641,2
23,21.875857,-102.341482,2
23,21.877331,-102.347087,2
23,21.881819,-102.363989,2
24,21.870469,-102.341665,1
24,21.870639,-102.340811,1
24,21.870871,-102.340378,1
24,21.871298,-102.339931,1
24,21.871979,-102.339389,1
24,21.872168,-102.339027,1
24,21.872004,-102.338229,1
24,21.871806,-102.336557,1
24,21.871789,-102.335396,1
24,21.871901,-102.334384,1
24,21.872797,-102.332778,1
24,21.873202,-102.332666,1
24,21.873308,-102.332641,1
24,21.872066,-102.327835,1
24,21.871334,-102.322039,1
24,21.871109,-102.320461,1
24,21.871137,-102.319884,1
24,21.871559,-102.318549,1
24,21.874009,-102.312116,1
24,21.874307,-102.311637,1
24,21.877103,-102.301207,1
24,21.878928,-102.293719,1
24,21.879297,-102.289064,1
24,21.879297,-102.288324,1
24,21.878627,-102.281919,1
24,21.878514,-102.281417,1
24,21.878502,-102.281187,1
24,21.878739,-102.281175,1
24,21.878846,-102.281404,1
24,21.881214,-102.282157,1
24,21.882599,-102.282208,1
24,21.883037,-102.279171,1
24,21.883167,-102.277002,1
24,21.883617,-102.274349,1
24,21.884185,-102.270279,1
24,21.884588,-102.269296,1
24,21.884754,-102.268798,1
24,21.885511,-102.265405,1
24,21.887394,-102.262432,1
24,21.888081,-102.261513,1
24,21.888661,-102.260263,1
24,21.889087,-102.259778,1
24,21.889631,-102.259331,1
24,21.889845,-102.259012,1
24,21.890354,-102.257379,1
24,21.886448,-102.255861,1
24,21.885959,-102.255919,1
24,21.884874,-102.256645,1
24,21.884418,-102.256703,1
24,21.883755,-102.256633,1
24,21.883126,-102.256142,1
24,21.879912,-102.251731,1
24,21.879651,-102.251602,1
24,21.879203,-102.251452,1
24,21.879342,-102.249016,1
24,21.879691,-102.248029,1
24,21.881294,-102.243298,1
24,21.877779,-102.242976,1
24,21.874245,-102.243158,1
24,21.874543,-102.242407,1
24,21.877052,-102.238706,1
24,21.877481,-102.237504,2
24,21.877172,-102.238856,2
24,21.875131,-102.241849,2
24,21.874245,-102.243158,2
24,21.877779,-102.242976,2
24,21.881294,-102.243298,2
24,21.879691,-102.248029,2
24,21.879342,-102.249016,2
24,21.879203,-102.251452,2
24,21.879651,-102.251602,2
24,21.879912,-102.251731,2
24,21.883126,-102.256142,2
24,21.883755,-102.256633,2
24,21.884418,-102.256703,2
24,21.884874,-102.256645,2
24,21.885959,-102.255919,2
24,21.886448,-102.255861,2
24,21.890354,-102.257379,2
24,21.889845,-102.259012,2
24,21.889631,-102.259331,2
24,21.889087,-102.259778,2
24,21.888661,-102.260263,2
24,21.888081,-102.261513,2
24,21.887394,-102.262432,2
24,21.885511,-102.265405,2
24,21.884754,-102.268798,2
24,21.884587,-102.269785,2
24,21.884223,-102.272448,2
24,21.883684,-102.276395,2
24,21.883308,-102.278179,2
24,21.883037,-102.279171,2
24,21.882599,-102.282208,2
24,21.881214,-102.282157,2
24,21.878846,-102.281404,2
24,21.878739,-102.281175,2
24,21.878502,-102.281187,2
24,21.878514,-102.281417,2
24,21.878627,-102.281919,2
24,21.879297,-102.288324,2
24,21.879297,-102.289064,2
24,21.878928,-102.293719,2
24,21.877103,-102.301207,2
24,21.874307,-102.311637,2
24,21.874009,-102.312116,2
24,21.871559,-102.318549,2
24,21.871137,-102.319884,2
24,21.871109,-102.320461,2
24,21.871334,-102.322039,2
24,21.872066,-102.327835,2
24,21.873308,-102.332641,2
24,21.873202,-102.332666,2
24,21.872797,-102.332778,2
24,21.871901,-102.334384,2
24,21.871789,-102.335396,2
24,21.871806,-102.336557,2
24,21.872004,-102.338229,2
24,21.872168,-102.339027,2
24,21.871979,-102.339389,2
24,21.871298,-102.339931,2
24,21.870871,-102.340378,2
24,21.870639,-102.340811,2
24,21.870469,-102.341665,2
25,21.852164,-102.352918,1
25,21.851294,-102.351425,1
25,21.848468,-102.342267,1
25,21.856984,-102.340906,1
25,21.858594,-102.342207,1
25,21.858819,-102.340906,1
25,21.859163,-102.340294,1
25,21.860595,-102.339247,1
25,21.862822,-102.336995,1
25,21.863893,-102.334801,1
25,21.866305,-102.330031,1
25,21.867318,-102.328878,1
25,21.869754,-102.324796,1
25,21.870332,-102.323188,1
25,21.871334,-102.322039,1
25,21.871109,-102.320461,1
25,21.871137,-102.319884,1
25,21.871559,-102.318549,1
25,21.874009,-102.312116,1
25,21.874307,-102.311637,1
25,21.877103,-102.301207,1
25,21.878928,-102.293719,1
25,21.879297,-102.289064,1
25,21.879297,-102.288324,1
25,21.878627,-102.281919,1
25,21.878514,-102.281417,1
25,21.878502,-102.281187,1
25,21.878739,-102.281175,1
25,21.878846,-102.281404,1
25,21.881214,-102.282157,1
25,21.882599,-102.282208,1
25,21.883037,-102.279171,1
25,21.883167,-102.277002,1
25,21.883617,-102.274349,1
25,21.884185,-102.270279,1
25,21.884588,-102.269296,1
25,21.884754,-102.268798,1
25,21.885511,-102.265405,1
25,21.887394,-102.262432,1
25,21.888081,-102.261513,1
25,21.888661,-102.260263,1
25,21.889087,-102.259778,1
25,21.889631,-102.259331,1
25,21.889845,-102.259012,1
25,21.890354,-102.257379,1
25,21.886448,-102.255861,1
25,21.885959,-102.255919,1
25,21.884874,-102.256645,1
25,21.884418,-102.256703,1
25,21.883755,-102.256633,1
25,21.883126,-102.256142,1
25,21.879912,-102.251731,1
25,21.879651,-102.251602,1
25,21.878797,-102.251308,1
25,21.877349,-102.250732,1
25,21.875674,-102.248513,1
25,21.874952,-102.248148,1
25,21.875463,-102.246777,1
25,21.871805,-102.245287,1
25,21.871907,-102.245152,2
25,21.873427,-102.245744,2
25,21.873033,-102.247383,2
25,21.875666,-102.248445,2
25,21.877398,-102.250675,2
25,21.878637,-102.251236,2
25,21.879651,-102.251602,2
25,21.879912,-102.251731,2
25,21.883126,-102.256142,2
25,21.883755,-102.256633,2
25,21.884418,-102.256703,2
25,21.884874,-102.256645,2
25,21.885959,-102.255919,2
25,21.886448,-102.255861,2
25,21.890354,-102.257379,2
25,21.889845,-102.259012,2
25,21.889631,-102.259331,2
25,21.889087,-102.259778,2
25,21.888661,-102.260263,2
25,21.888081,-102.261513,2
25,21.887394,-102.262432,2
25,21.885511,-102.265405,2
25,21.884754,-102.268798,2
25,21.884587,-102.269785,2
25,21.884223,-102.272448,2
25,21.883684,-102.276395,2
25,21.883308,-102.278179,2
25,21.883037,-102.279171,2
25,21.882599,-102.282208,2
25,21.881214,-102.282157,2
25,21.878846,-102.281404,2
25,21.878739,-102.281175,2
25,21.878502,-102.281187,2
25,21.878514,-102.281417,2
25,21.878627,-102.281919,2
25,21.879297,-102.288324,2
25,21.879297,-102.289064,2
25,21.878928,-102.293719,2
25,21.877103,-102.301207,2
25,21.874307,-102.311637,2
25,21.874009,-102.312116,2
25,21.871559,-102.318549,2
25,21.871137,-102.319884,2
25,21.871109,-102.320461,2
25,21.871334,-102.322039,2
25,21.870332,-102.323188,2
25,21.869754,-102.324796,2
25,21.867318,-102.328878,2
25,21.866305,-102.330031,2
25,21.863893,-102.334801,2
25,21.862822,-102.336995,2
25,21.860595,-102.339247,2
25,21.859163,-102.340294,2
25,21.858819,-102.340906,2
25,21.858594,-102.342207,2
25,21.856984,-102.340906,2
25,21.848468,-102.342267,2
25,21.851294,-102.351425,2
25,21.852081,-102.352702,2